Adam,30
Karissa,40
Zhang,50
Noura,25
Michael,33
Emma,28
Liu,45
Sofia,31
James,37
Aisha,29
Carlos,42
Priya,34
Jamal,27
Yuki,36
Dmitri,44
Elena,32
Marcus,41
Fatima,26
Raj,39
Isabella,35
Omar,48
Natalie,24
Hiroshi,46
Amara,30
Giovanni,52
Mei,29
Samuel,38
Leila,33
Diego,43
Valentina,27
Kwame,51
Sasha,34
Mateo,40
Zara,28
Felix,47
Anya,31
Alejandro,36
Aditi,25
Liam,49
Khadija,32
Chen,44
Gabriela,29
Benjamin,37
Maya,26
Paulo,41
Imani,35
Takashi,53
Zoe,30
Rafael,39
Nina,28
Kai,45
Layla,31
Victor,42
Anika,27
Ibrahim,38
Mia,33
Leo,50
Freya,29
Andre,46
Nadia,34
Javier,40
Chloe,24
Aaron,43
Yasmin,32
Luca,37
Amina,28
Sanjay,48
Elise,31
Malik,35
Chiara,26
Dante,51
Jin,30
Tomas,41
Livia,27
Filip,36
Nia,34
Roberto,49
Vera,29
Hassan,42
Simone,33
Damon,47
Lila,28
Jun,39
Camille,31
Tariq,44
Bianca,25
Andrei,38
Kenya,32
Hugo,45
Jasmine,30
Nikolai,52
Eva,29
Mustafa,40
Dana,35
Allan,43
Talia,26
Seung,48
Mira,31